"Redis-Alone","Redis-1","MMS-1","Checksum","ISR","YCSB","Scene-Detect","Stream-Spark","Stream-Storm"
1.0000,0.0000,0.0000,0.0000,0.0000,0.0000,0.0000,0.0000,0.0000
1.0000,0.0000,0.0000,0.0000,0.0000,0.0000,0.0000,0.0000,0.0000
1.0171,0.0000,0.0000,0.0000,0.0000,0.0000,0.0000,0.0000,0.0000
0.9637,0.0000,0.0000,0.0000,0.0000,0.0000,0.0000,0.0000,0.0000
0.8769,0.0000,0.0000,0.0000,0.0000,0.0000,0.0000,0.0000,0.0000
0.8348,0.0000,0.0000,0.0000,0.0000,0.0000,0.0000,0.0000,0.0000
0.7985,0.0000,0.0000,0.0000,0.0000,0.0000,0.0000,0.0000,0.0000
0.7703,0.0000,0.0000,0.0000,0.0000,0.0000,0.0000,0.0000,0.0000
0.9402,0.9914,0.0000,0.0000,0.0000,0.0000,0.0000,0.0000,0.0000
1.0427,1.0345,0.0000,0.0000,0.0000,0.0000,0.0000,0.0000,0.0000
1.0171,1.0402,0.0000,0.0000,0.0000,0.0000,0.0000,0.0000,0.0000
0.7863,0.9634,0.0000,0.0000,0.0000,0.0000,0.0000,0.0000,0.0000
0.7521,0.8586,0.0000,0.0000,0.0000,0.0000,0.0000,0.0000,0.0000
0.7863,0.8333,0.0000,0.0000,0.0000,0.0000,0.0000,0.0000,0.0000
0.8120,0.8091,0.0000,0.0000,0.0000,0.0000,0.0000,0.0000,0.0000
1.0085,0.0000,1.0000,0.0000,0.0000,0.0000,0.0000,0.0000,0.0000
1.0513,0.0000,1.0233,0.0000,0.0000,0.0000,0.0000,0.0000,0.0000
1.0513,0.0000,0.9948,0.0000,0.0000,0.0000,0.0000,0.0000,0.0000
0.9573,0.0000,0.9632,0.0000,0.0000,0.0000,0.0000,0.0000,0.0000
0.9744,0.0000,0.9566,0.0000,0.0000,0.0000,0.0000,0.0000,0.0000
0.8889,0.0000,0.9354,0.0000,0.0000,0.0000,0.0000,0.0000,0.0000
0.9915,0.0000,0.9878,0.0000,0.0000,0.0000,0.0000,0.0000,0.0000
1.0598,0.0000,0.0000,0.6242,0.0000,0.0000,0.0000,0.0000,0.0000
1.0598,0.0000,0.0000,0.7852,0.0000,0.0000,0.0000,0.0000,0.0000
1.0256,0.0000,0.0000,0.7360,0.0000,0.0000,0.0000,0.0000,0.0000
1.0256,0.0000,0.0000,0.1795,0.0000,0.0000,0.0000,0.0000,0.0000
0.9829,0.0000,0.0000,0.5154,0.0000,0.0000,0.0000,0.0000,0.0000
0.9658,0.0000,0.0000,0.4318,0.0000,0.0000,0.0000,0.0000,0.0000
0.9060,0.0000,0.0000,0.7440,0.0000,0.0000,0.0000,0.0000,0.0000
1.0085,0.0000,0.0000,0.0000,1.0278,0.0000,0.0000,0.0000,0.0000
0.9915,0.0000,0.0000,0.0000,1.0139,0.0000,0.0000,0.0000,0.0000
0.9487,0.0000,0.0000,0.0000,1.0556,0.0000,0.0000,0.0000,0.0000
0.7863,0.0000,0.0000,0.0000,1.0000,0.0000,0.0000,0.0000,0.0000
0.6496,0.0000,0.0000,0.0000,1.0000,0.0000,0.0000,0.0000,0.0000
0.5128,0.0000,0.0000,0.0000,0.9815,0.0000,0.0000,0.0000,0.0000
0.4188,0.0000,0.0000,0.0000,1.0873,0.0000,0.0000,0.0000,0.0000
1.0855,0.0000,0.0000,0.0000,0.0000,0.9162,0.0000,0.0000,0.0000
0.9658,0.0000,0.0000,0.0000,0.0000,0.7948,0.0000,0.0000,0.0000
0.9145,0.0000,0.0000,0.0000,0.0000,0.7659,0.0000,0.0000,0.0000
0.8632,0.0000,0.0000,0.0000,0.0000,0.7147,0.0000,0.0000,0.0000
0.7949,0.0000,0.0000,0.0000,0.0000,0.6487,0.0000,0.0000,0.0000
0.7009,0.0000,0.0000,0.0000,0.0000,0.6080,0.0000,0.0000,0.0000
0.5897,0.0000,0.0000,0.0000,0.0000,0.6489,0.0000,0.0000,0.0000
1.0513,0.0000,0.0000,0.0000,0.0000,0.0000,0.9386,0.0000,0.0000
1.0085,0.0000,0.0000,0.0000,0.0000,0.0000,0.8991,0.0000,0.0000
0.9573,0.0000,0.0000,0.0000,0.0000,0.0000,0.8743,0.0000,0.0000
0.9145,0.0000,0.0000,0.0000,0.0000,0.0000,0.7522,0.0000,0.0000
0.9402,0.0000,0.0000,0.0000,0.0000,0.0000,0.4096,0.0000,0.0000
0.8376,0.0000,0.0000,0.0000,0.0000,0.0000,0.6360,0.0000,0.0000
0.8291,0.0000,0.0000,0.0000,0.0000,0.0000,0.6541,0.0000,0.0000
1.0855,0.0000,0.0000,0.0000,0.0000,0.0000,0.0000,1.0253,0.0000
1.0598,0.0000,0.0000,0.0000,0.0000,0.0000,0.0000,0.9825,0.0000
1.0342,0.0000,0.0000,0.0000,0.0000,0.0000,0.0000,0.9825,0.0000
1.0513,0.0000,0.0000,0.0000,0.0000,0.0000,0.0000,0.9853,0.0000
1.0256,0.0000,0.0000,0.0000,0.0000,0.0000,0.0000,0.9755,0.0000
1.0085,0.0000,0.0000,0.0000,0.0000,0.0000,0.0000,0.9826,0.0000
0.9658,0.0000,0.0000,0.0000,0.0000,0.0000,0.0000,0.9755,0.0000
1.0769,0.0000,0.0000,0.0000,0.0000,0.0000,0.0000,0.0000,0.7495
1.0000,0.0000,0.0000,0.0000,0.0000,0.0000,0.0000,0.0000,0.9476
0.9744,0.0000,0.0000,0.0000,0.0000,0.0000,0.0000,0.0000,1.0965
0.9145,0.0000,0.0000,0.0000,0.0000,0.0000,0.0000,0.0000,0.9712
0.8718,0.0000,0.0000,0.0000,0.0000,0.0000,0.0000,0.0000,0.9808
0.7863,0.0000,0.0000,0.0000,0.0000,0.0000,0.0000,0.0000,0.9623
0.7009,0.0000,0.0000,0.0000,0.0000,0.0000,0.0000,0.0000,0.9870
0.9402,0.9914,0.0000,0.0000,0.0000,0.0000,0.0000,0.0000,0.0000
1.0556,1.0690,0.0000,0.0000,0.0000,0.0000,0.0000,0.0000,0.0000
1.0057,1.0259,0.0000,0.0000,0.0000,0.0000,0.0000,0.0000,0.0000
0.9786,0.7931,0.0000,0.0000,0.0000,0.0000,0.0000,0.0000,0.0000
0.8615,0.7931,0.0000,0.0000,0.0000,0.0000,0.0000,0.0000,0.0000
0.7892,0.7414,0.0000,0.0000,0.0000,0.0000,0.0000,0.0000,0.0000
0.7998,0.8017,0.0000,0.0000,0.0000,0.0000,0.0000,0.0000,0.0000
0.0000,1.0000,0.0000,0.0000,0.0000,0.0000,0.0000,0.0000,0.0000
0.0000,1.0216,0.0000,0.0000,0.0000,0.0000,0.0000,0.0000,0.0000
0.0000,1.0230,0.0000,0.0000,0.0000,0.0000,0.0000,0.0000,0.0000
0.0000,1.0388,0.0000,0.0000,0.0000,0.0000,0.0000,0.0000,0.0000
0.0000,0.9362,0.0000,0.0000,0.0000,0.0000,0.0000,0.0000,0.0000
0.0000,0.8520,0.0000,0.0000,0.0000,0.0000,0.0000,0.0000,0.0000
0.0000,0.8264,0.0000,0.0000,0.0000,0.0000,0.0000,0.0000,0.0000
0.0000,0.7705,0.0000,0.0000,0.0000,0.0000,0.0000,0.0000,0.0000
0.0000,1.0172,2.8527,0.0000,0.0000,0.0000,0.0000,0.0000,0.0000
0.0000,1.0345,2.8682,0.0000,0.0000,0.0000,0.0000,0.0000,0.0000
0.0000,0.9828,2.8269,0.0000,0.0000,0.0000,0.0000,0.0000,0.0000
0.0000,0.8448,2.5872,0.0000,0.0000,0.0000,0.0000,0.0000,0.0000
0.0000,0.8707,2.5349,0.0000,0.0000,0.0000,0.0000,0.0000,0.0000
0.0000,0.7931,2.2674,0.0000,0.0000,0.0000,0.0000,0.0000,0.0000
0.0000,0.8103,2.3422,0.0000,0.0000,0.0000,0.0000,0.0000,0.0000
0.0000,1.0862,0.0000,0.9866,0.0000,0.0000,0.0000,0.0000,0.0000
0.0000,1.0603,0.0000,0.7752,0.0000,0.0000,0.0000,0.0000,0.0000
0.0000,1.0517,0.0000,0.7136,0.0000,0.0000,0.0000,0.0000,0.0000
0.0000,1.0086,0.0000,0.9094,0.0000,0.0000,0.0000,0.0000,0.0000
0.0000,1.0000,0.0000,0.5047,0.0000,0.0000,0.0000,0.0000,0.0000
0.0000,0.9483,0.0000,0.2293,0.0000,0.0000,0.0000,0.0000,0.0000
0.0000,1.0000,0.0000,0.3730,0.0000,0.0000,0.0000,0.0000,0.0000
0.0000,1.0345,0.0000,0.0000,1.0556,0.0000,0.0000,0.0000,0.0000
0.0000,1.0259,0.0000,0.0000,1.0278,0.0000,0.0000,0.0000,0.0000
0.0000,0.9483,0.0000,0.0000,1.0278,0.0000,0.0000,0.0000,0.0000
0.0000,0.7931,0.0000,0.0000,1.0139,0.0000,0.0000,0.0000,0.0000
0.0000,0.6379,0.0000,0.0000,0.9889,0.0000,0.0000,0.0000,0.0000
0.0000,0.5086,0.0000,0.0000,0.9908,0.0000,0.0000,0.0000,0.0000
0.0000,0.3966,0.0000,0.0000,0.9722,0.0000,0.0000,0.0000,0.0000
0.0000,1.0690,0.0000,0.0000,0.0000,0.8516,0.0000,0.0000,0.0000
0.0000,0.9741,0.0000,0.0000,0.0000,0.7960,0.0000,0.0000,0.0000
0.0000,0.9138,0.0000,0.0000,0.0000,0.7551,0.0000,0.0000,0.0000
0.0000,0.8621,0.0000,0.0000,0.0000,0.6777,0.0000,0.0000,0.0000
0.0000,0.8103,0.0000,0.0000,0.0000,0.6399,0.0000,0.0000,0.0000
0.0000,0.7069,0.0000,0.0000,0.0000,0.6268,0.0000,0.0000,0.0000
0.0000,0.6121,0.0000,0.0000,0.0000,0.6527,0.0000,0.0000,0.0000
0.0000,1.0862,0.0000,0.0000,0.0000,0.0000,0.9342,0.0000,0.0000
0.0000,1.0345,0.0000,0.0000,0.0000,0.0000,0.7982,0.0000,0.0000
0.0000,0.9914,0.0000,0.0000,0.0000,0.0000,0.9020,0.0000,0.0000
0.0000,0.9310,0.0000,0.0000,0.0000,0.0000,0.8246,0.0000,0.0000
0.0000,0.8707,0.0000,0.0000,0.0000,0.0000,0.7079,0.0000,0.0000
0.0000,0.8362,0.0000,0.0000,0.0000,0.0000,0.6484,0.0000,0.0000
0.0000,0.8362,0.0000,0.0000,0.0000,0.0000,0.5464,0.0000,0.0000
0.0000,1.0948,0.0000,0.0000,0.0000,0.0000,0.0000,0.9829,0.0000
0.0000,1.0603,0.0000,0.0000,0.0000,0.0000,0.0000,1.0163,0.0000
0.0000,1.0517,0.0000,0.0000,0.0000,0.0000,0.0000,0.9833,0.0000
0.0000,1.0603,0.0000,0.0000,0.0000,0.0000,0.0000,0.9836,0.0000
0.0000,1.0086,0.0000,0.0000,0.0000,0.0000,0.0000,0.9808,0.0000
0.0000,1.0086,0.0000,0.0000,0.0000,0.0000,0.0000,0.9734,0.0000
0.0000,0.9224,0.0000,0.0000,0.0000,0.0000,0.0000,0.9708,0.0000
0.0000,1.0345,0.0000,0.0000,0.0000,0.0000,0.0000,0.0000,0.8815
0.0000,1.0345,0.0000,0.0000,0.0000,0.0000,0.0000,0.0000,1.0251
0.0000,0.9914,0.0000,0.0000,0.0000,0.0000,0.0000,0.0000,0.9076
0.0000,0.9224,0.0000,0.0000,0.0000,0.0000,0.0000,0.0000,1.0230
0.0000,0.8707,0.0000,0.0000,0.0000,0.0000,0.0000,0.0000,0.9870
0.0000,0.7931,0.0000,0.0000,0.0000,0.0000,0.0000,0.0000,0.9474
0.0000,0.7414,0.0000,0.0000,0.0000,0.0000,0.0000,0.0000,0.9789
1.0085,0.0000,1.0000,0.0000,0.0000,0.0000,0.0000,0.0000,0.0000
1.0171,0.0000,0.9326,0.0000,0.0000,0.0000,0.0000,0.0000,0.0000
0.9715,0.0000,1.0000,0.0000,0.0000,0.0000,0.0000,0.0000,0.0000
0.9295,0.0000,0.8372,0.0000,0.0000,0.0000,0.0000,0.0000,0.0000
0.9009,0.0000,0.8372,0.0000,0.0000,0.0000,0.0000,0.0000,0.0000
0.8305,0.0000,0.8450,0.0000,0.0000,0.0000,0.0000,0.0000,0.0000
0.7668,0.0000,0.8450,0.0000,0.0000,0.0000,0.0000,0.0000,0.0000
0.0000,1.0172,2.8527,0.0000,0.0000,0.0000,0.0000,0.0000,0.0000
0.0000,0.9871,2.7054,0.0000,0.0000,0.0000,0.0000,0.0000,0.0000
0.0000,0.9713,2.8140,0.0000,0.0000,0.0000,0.0000,0.0000,0.0000
0.0000,0.9504,2.0930,0.0000,0.0000,0.0000,0.0000,0.0000,0.0000
0.0000,0.8328,2.0078,0.0000,0.0000,0.0000,0.0000,0.0000,0.0000
0.0000,0.8348,1.9767,0.0000,0.0000,0.0000,0.0000,0.0000,0.0000
0.0000,0.7463,1.8837,0.0000,0.0000,0.0000,0.0000,0.0000,0.0000
0.0000,0.0000,1.0000,0.0000,0.0000,0.0000,0.0000,0.0000,0.0000
0.0000,0.0000,0.9612,0.0000,0.0000,0.0000,0.0000,0.0000,0.0000
0.0000,0.0000,0.9845,0.0000,0.0000,0.0000,0.0000,0.0000,0.0000
0.0000,0.0000,1.0019,0.0000,0.0000,0.0000,0.0000,0.0000,0.0000
0.0000,0.0000,0.9891,0.0000,0.0000,0.0000,0.0000,0.0000,0.0000
0.0000,0.0000,0.9897,0.0000,0.0000,0.0000,0.0000,0.0000,0.0000
0.0000,0.0000,0.9712,0.0000,0.0000,0.0000,0.0000,0.0000,0.0000
0.0000,0.0000,0.9700,0.0000,0.0000,0.0000,0.0000,0.0000,0.0000
0.0000,0.0000,0.9845,0.9933,0.0000,0.0000,0.0000,0.0000,0.0000
0.0000,0.0000,0.9535,0.8557,0.0000,0.0000,0.0000,0.0000,0.0000
0.0000,0.0000,0.9767,0.9709,0.0000,0.0000,0.0000,0.0000,0.0000
0.0000,0.0000,0.5194,0.6426,0.0000,0.0000,0.0000,0.0000,0.0000
0.0000,0.0000,0.9767,0.2899,0.0000,0.0000,0.0000,0.0000,0.0000
0.0000,0.0000,0.3643,0.4329,0.0000,0.0000,0.0000,0.0000,0.0000
0.0000,0.0000,0.3566,0.3701,0.0000,0.0000,0.0000,0.0000,0.0000
0.0000,0.0000,1.0543,0.0000,1.1667,0.0000,0.0000,0.0000,0.0000
0.0000,0.0000,0.9457,0.0000,1.0000,0.0000,0.0000,0.0000,0.0000
0.0000,0.0000,0.9612,0.0000,1.0648,0.0000,0.0000,0.0000,0.0000
0.0000,0.0000,0.9070,0.0000,1.0000,0.0000,0.0000,0.0000,0.0000
0.0000,0.0000,0.8682,0.0000,0.9889,0.0000,0.0000,0.0000,0.0000
0.0000,0.0000,0.8372,0.0000,0.9722,0.0000,0.0000,0.0000,0.0000
0.0000,0.0000,0.7907,0.0000,0.9722,0.0000,0.0000,0.0000,0.0000
0.0000,0.0000,1.0078,0.0000,0.0000,1.0120,0.0000,0.0000,0.0000
0.0000,0.0000,0.9845,0.0000,0.0000,0.9017,0.0000,0.0000,0.0000
0.0000,0.0000,0.9535,0.0000,0.0000,0.7915,0.0000,0.0000,0.0000
0.0000,0.0000,0.9845,0.0000,0.0000,0.8012,0.0000,0.0000,0.0000
0.0000,0.0000,0.9070,0.0000,0.0000,0.6999,0.0000,0.0000,0.0000
0.0000,0.0000,0.8760,0.0000,0.0000,0.6572,0.0000,0.0000,0.0000
0.0000,0.0000,0.9535,0.0000,0.0000,0.6793,0.0000,0.0000,0.0000
0.0000,0.0000,1.0465,0.0000,0.0000,0.0000,0.6447,0.0000,0.0000
0.0000,0.0000,1.0233,0.0000,0.0000,0.0000,0.9693,0.0000,0.0000
0.0000,0.0000,0.9612,0.0000,0.0000,0.0000,0.8947,0.0000,0.0000
0.0000,0.0000,0.7442,0.0000,0.0000,0.0000,0.7478,0.0000,0.0000
0.0000,0.0000,0.9457,0.0000,0.0000,0.0000,0.4561,0.0000,0.0000
0.0000,0.0000,0.4651,0.0000,0.0000,0.0000,0.6652,0.0000,0.0000
0.0000,0.0000,0.3333,0.0000,0.0000,0.0000,0.5846,0.0000,0.0000
0.0000,0.0000,0.9922,0.0000,0.0000,0.0000,0.0000,0.9846,0.0000
0.0000,0.0000,1.0775,0.0000,0.0000,0.0000,0.0000,1.0234,0.0000
0.0000,0.0000,1.0543,0.0000,0.0000,0.0000,0.0000,1.0155,0.0000
0.0000,0.0000,1.0000,0.0000,0.0000,0.0000,0.0000,0.9808,0.0000
0.0000,0.0000,1.0078,0.0000,0.0000,0.0000,0.0000,0.9730,0.0000
0.0000,0.0000,1.0155,0.0000,0.0000,0.0000,0.0000,0.9819,0.0000
0.0000,0.0000,0.9767,0.0000,0.0000,0.0000,0.0000,0.9718,0.0000
0.0000,0.0000,1.0078,0.0000,0.0000,0.0000,0.0000,0.0000,1.0499
0.0000,0.0000,1.0000,0.0000,0.0000,0.0000,0.0000,0.0000,1.1518
0.0000,0.0000,1.0078,0.0000,0.0000,0.0000,0.0000,0.0000,0.7853
0.0000,0.0000,0.9690,0.0000,0.0000,0.0000,0.0000,0.0000,1.0986
0.0000,0.0000,1.0078,0.0000,0.0000,0.0000,0.0000,0.0000,0.9655
0.0000,0.0000,0.5814,0.0000,0.0000,0.0000,0.0000,0.0000,0.9780
0.0000,0.0000,0.9380,0.0000,0.0000,0.0000,0.0000,0.0000,0.9561
1.0598,0.0000,0.0000,0.6242,0.0000,0.0000,0.0000,0.0000,0.0000
1.0128,0.0000,0.0000,0.9463,0.0000,0.0000,0.0000,0.0000,0.0000
0.9145,0.0000,0.0000,0.8322,0.0000,0.0000,0.0000,0.0000,0.0000
0.8226,0.0000,0.0000,0.8322,0.0000,0.0000,0.0000,0.0000,0.0000
0.7778,0.0000,0.0000,0.7383,0.0000,0.0000,0.0000,0.0000,0.0000
0.7664,0.0000,0.0000,0.7383,0.0000,0.0000,0.0000,0.0000,0.0000
0.7143,0.0000,0.0000,0.7114,0.0000,0.0000,0.0000,0.0000,0.0000
0.0000,1.0862,0.0000,0.9866,0.0000,0.0000,0.0000,0.0000,0.0000
0.0000,1.0172,0.0000,0.9128,0.0000,0.0000,0.0000,0.0000,0.0000
0.0000,0.8994,0.0000,0.8389,0.0000,0.0000,0.0000,0.0000,0.0000
0.0000,0.8017,0.0000,0.7852,0.0000,0.0000,0.0000,0.0000,0.0000
0.0000,0.7690,0.0000,0.7517,0.0000,0.0000,0.0000,0.0000,0.0000
0.0000,0.7572,0.0000,0.6174,0.0000,0.0000,0.0000,0.0000,0.0000
0.0000,0.7278,0.0000,0.6711,0.0000,0.0000,0.0000,0.0000,0.0000
0.0000,0.0000,0.9845,0.9933,0.0000,0.0000,0.0000,0.0000,0.0000
0.0000,0.0000,1.0194,0.9933,0.0000,0.0000,0.0000,0.0000,0.0000
0.0000,0.0000,0.9845,0.9329,0.0000,0.0000,0.0000,0.0000,0.0000
0.0000,0.0000,0.9729,0.9128,0.0000,0.0000,0.0000,0.0000,0.0000
0.0000,0.0000,0.9736,0.9329,0.0000,0.0000,0.0000,0.0000,0.0000
0.0000,0.0000,0.9802,0.4094,0.0000,0.0000,0.0000,0.0000,0.0000
0.0000,0.0000,0.9856,0.9799,0.0000,0.0000,0.0000,0.0000,0.0000
0.0000,0.0000,0.0000,1.0000,0.0000,0.0000,0.0000,0.0000,0.0000
0.0000,0.0000,0.0000,0.7919,0.0000,0.0000,0.0000,0.0000,0.0000
0.0000,0.0000,0.0000,0.2550,0.0000,0.0000,0.0000,0.0000,0.0000
0.0000,0.0000,0.0000,0.1644,0.0000,0.0000,0.0000,0.0000,0.0000
0.0000,0.0000,0.0000,0.9154,0.0000,0.0000,0.0000,0.0000,0.0000
0.0000,0.0000,0.0000,0.7315,0.0000,0.0000,0.0000,0.0000,0.0000
0.0000,0.0000,0.0000,0.1630,0.0000,0.0000,0.0000,0.0000,0.0000
0.0000,0.0000,0.0000,0.4186,0.0000,0.0000,0.0000,0.0000,0.0000
0.0000,0.0000,0.0000,0.8859,1.0000,0.0000,0.0000,0.0000,0.0000
0.0000,0.0000,0.0000,0.5369,1.0000,0.0000,0.0000,0.0000,0.0000
0.0000,0.0000,0.0000,0.8389,1.0000,0.0000,0.0000,0.0000,0.0000
0.0000,0.0000,0.0000,0.7315,1.0000,0.0000,0.0000,0.0000,0.0000
0.0000,0.0000,0.0000,0.7248,1.0000,0.0000,0.0000,0.0000,0.0000
0.0000,0.0000,0.0000,0.6644,0.9815,0.0000,0.0000,0.0000,0.0000
0.0000,0.0000,0.0000,0.6309,0.9722,0.0000,0.0000,0.0000,0.0000
0.0000,0.0000,0.0000,0.9732,0.0000,0.9791,0.0000,0.0000,0.0000
0.0000,0.0000,0.0000,0.9262,0.0000,0.9679,0.0000,0.0000,0.0000
0.0000,0.0000,0.0000,0.8993,0.0000,0.8714,0.0000,0.0000,0.0000
0.0000,0.0000,0.0000,0.8926,0.0000,0.8056,0.0000,0.0000,0.0000
0.0000,0.0000,0.0000,0.7383,0.0000,0.6863,0.0000,0.0000,0.0000
0.0000,0.0000,0.0000,0.7383,0.0000,0.6267,0.0000,0.0000,0.0000
0.0000,0.0000,0.0000,0.6846,0.0000,0.5940,0.0000,0.0000,0.0000
0.0000,0.0000,0.0000,0.9799,0.0000,0.0000,0.9518,0.0000,0.0000
0.0000,0.0000,0.0000,0.7919,0.0000,0.0000,0.8289,0.0000,0.0000
0.0000,0.0000,0.0000,0.2349,0.0000,0.0000,0.2953,0.0000,0.0000
0.0000,0.0000,0.0000,0.1946,0.0000,0.0000,0.2599,0.0000,0.0000
0.0000,0.0000,0.0000,0.2752,0.0000,0.0000,0.3096,0.0000,0.0000
0.0000,0.0000,0.0000,0.7651,0.0000,0.0000,0.7434,0.0000,0.0000
0.0000,0.0000,0.0000,0.3960,0.0000,0.0000,0.4756,0.0000,0.0000
0.0000,0.0000,0.0000,0.9463,0.0000,0.0000,0.0000,0.9834,0.0000
0.0000,0.0000,0.0000,0.9799,0.0000,0.0000,0.0000,0.9834,0.0000
0.0000,0.0000,0.0000,0.9799,0.0000,0.0000,0.0000,0.9920,0.0000
0.0000,0.0000,0.0000,0.9732,0.0000,0.0000,0.0000,0.9801,0.0000
0.0000,0.0000,0.0000,0.9597,0.0000,0.0000,0.0000,0.9793,0.0000
0.0000,0.0000,0.0000,0.9195,0.0000,0.0000,0.0000,0.9718,0.0000
0.0000,0.0000,0.0000,0.9195,0.0000,0.0000,0.0000,0.9702,0.0000
0.0000,0.0000,0.0000,0.8591,0.0000,0.0000,0.0000,0.0000,1.1395
0.0000,0.0000,0.0000,0.9128,0.0000,0.0000,0.0000,0.0000,1.0173
0.0000,0.0000,0.0000,0.3826,0.0000,0.0000,0.0000,0.0000,0.8123
0.0000,0.0000,0.0000,0.9396,0.0000,0.0000,0.0000,0.0000,0.9941
0.0000,0.0000,0.0000,0.9060,0.0000,0.0000,0.0000,0.0000,1.0176
0.0000,0.0000,0.0000,0.8523,0.0000,0.0000,0.0000,0.0000,0.9909
0.0000,0.0000,0.0000,0.5906,0.0000,0.0000,0.0000,0.0000,0.9659
1.0085,0.0000,0.0000,0.0000,1.0278,0.0000,0.0000,0.0000,0.0000
0.9744,0.0000,0.0000,0.0000,1.0556,0.0000,0.0000,0.0000,0.0000
0.9060,0.0000,0.0000,0.0000,1.0833,0.0000,0.0000,0.0000,0.0000
0.8654,0.0000,0.0000,0.0000,1.2222,0.0000,0.0000,0.0000,0.0000
0.7949,0.0000,0.0000,0.0000,1.0556,0.0000,0.0000,0.0000,0.0000
0.7692,0.0000,0.0000,0.0000,1.2500,0.0000,0.0000,0.0000,0.0000
0.6935,0.0000,0.0000,0.0000,1.0833,0.0000,0.0000,0.0000,0.0000
0.0000,1.0345,0.0000,0.0000,1.0556,0.0000,0.0000,0.0000,0.0000
0.0000,0.9871,0.0000,0.0000,1.0833,0.0000,0.0000,0.0000,0.0000
0.0000,0.9138,0.0000,0.0000,1.0556,0.0000,0.0000,0.0000,0.0000
0.0000,0.8513,0.0000,0.0000,1.1111,0.0000,0.0000,0.0000,0.0000
0.0000,0.8017,0.0000,0.0000,1.0833,0.0000,0.0000,0.0000,0.0000
0.0000,0.7586,0.0000,0.0000,1.1111,0.0000,0.0000,0.0000,0.0000
0.0000,0.6995,0.0000,0.0000,1.0833,0.0000,0.0000,0.0000,0.0000
0.0000,0.0000,1.0543,0.0000,1.1667,0.0000,0.0000,0.0000,0.0000
0.0000,0.0000,0.9767,0.0000,1.0000,0.0000,0.0000,0.0000,0.0000
0.0000,0.0000,1.0233,0.0000,1.1111,0.0000,0.0000,0.0000,0.0000
0.0000,0.0000,1.0000,0.0000,1.0833,0.0000,0.0000,0.0000,0.0000
0.0000,0.0000,0.9845,0.0000,1.0000,0.0000,0.0000,0.0000,0.0000
0.0000,0.0000,0.9716,0.0000,1.0000,0.0000,0.0000,0.0000,0.0000
0.0000,0.0000,1.0100,0.0000,1.1111,0.0000,0.0000,0.0000,0.0000
0.0000,0.0000,0.0000,0.8859,1.0000,0.0000,0.0000,0.0000,0.0000
0.0000,0.0000,0.0000,0.7752,1.0278,0.0000,0.0000,0.0000,0.0000
0.0000,0.0000,0.0000,0.2640,1.0000,0.0000,0.0000,0.0000,0.0000
0.0000,0.0000,0.0000,0.6141,1.0278,0.0000,0.0000,0.0000,0.0000
0.0000,0.0000,0.0000,0.5087,1.0278,0.0000,0.0000,0.0000,0.0000
0.0000,0.0000,0.0000,0.4251,1.0278,0.0000,0.0000,0.0000,0.0000
0.0000,0.0000,0.0000,0.3634,1.0556,0.0000,0.0000,0.0000,0.0000
0.0000,0.0000,0.0000,0.0000,1.0000,0.0000,0.0000,0.0000,0.0000
0.0000,0.0000,0.0000,0.0000,1.0278,0.0000,0.0000,0.0000,0.0000
0.0000,0.0000,0.0000,0.0000,1.0185,0.0000,0.0000,0.0000,0.0000
0.0000,0.0000,0.0000,0.0000,1.0000,0.0000,0.0000,0.0000,0.0000
0.0000,0.0000,0.0000,0.0000,1.1111,0.0000,0.0000,0.0000,0.0000
0.0000,0.0000,0.0000,0.0000,0.9676,0.0000,0.0000,0.0000,0.0000
0.0000,0.0000,0.0000,0.0000,0.9722,0.0000,0.0000,0.0000,0.0000
0.0000,0.0000,0.0000,0.0000,0.9653,0.0000,0.0000,0.0000,0.0000
0.0000,0.0000,0.0000,0.0000,1.0278,0.8647,0.0000,0.0000,0.0000
0.0000,0.0000,0.0000,0.0000,1.0556,0.8257,0.0000,0.0000,0.0000
0.0000,0.0000,0.0000,0.0000,1.0278,0.7273,0.0000,0.0000,0.0000
0.0000,0.0000,0.0000,0.0000,1.0833,0.6964,0.0000,0.0000,0.0000
0.0000,0.0000,0.0000,0.0000,1.0833,0.6698,0.0000,0.0000,0.0000
0.0000,0.0000,0.0000,0.0000,1.0833,0.6445,0.0000,0.0000,0.0000
0.0000,0.0000,0.0000,0.0000,1.0556,0.5844,0.0000,0.0000,0.0000
0.0000,0.0000,0.0000,0.0000,1.0278,0.0000,0.9693,0.0000,0.0000
0.0000,0.0000,0.0000,0.0000,1.0000,0.0000,0.8794,0.0000,0.0000
0.0000,0.0000,0.0000,0.0000,1.0556,0.0000,0.8143,0.0000,0.0000
0.0000,0.0000,0.0000,0.0000,1.0278,0.0000,0.8081,0.0000,0.0000
0.0000,0.0000,0.0000,0.0000,1.0278,0.0000,0.7105,0.0000,0.0000
0.0000,0.0000,0.0000,0.0000,1.0278,0.0000,0.7456,0.0000,0.0000
0.0000,0.0000,0.0000,0.0000,1.0556,0.0000,0.7206,0.0000,0.0000
0.0000,0.0000,0.0000,0.0000,1.0278,0.0000,0.0000,0.9824,0.0000
0.0000,0.0000,0.0000,0.0000,1.0278,0.0000,0.0000,1.0092,0.0000
0.0000,0.0000,0.0000,0.0000,1.0556,0.0000,0.0000,0.9826,0.0000
0.0000,0.0000,0.0000,0.0000,1.0556,0.0000,0.0000,0.9828,0.0000
0.0000,0.0000,0.0000,0.0000,1.0556,0.0000,0.0000,0.9758,0.0000
0.0000,0.0000,0.0000,0.0000,1.2222,0.0000,0.0000,0.9775,0.0000
0.0000,0.0000,0.0000,0.0000,1.0833,0.0000,0.0000,0.9527,0.0000
0.0000,0.0000,0.0000,0.0000,1.0556,0.0000,0.0000,0.0000,0.9763
0.0000,0.0000,0.0000,0.0000,1.0833,0.0000,0.0000,0.0000,1.0469
0.0000,0.0000,0.0000,0.0000,1.1111,0.0000,0.0000,0.0000,0.9401
0.0000,0.0000,0.0000,0.0000,1.1111,0.0000,0.0000,0.0000,0.9829
0.0000,0.0000,0.0000,0.0000,1.0833,0.0000,0.0000,0.0000,0.9778
0.0000,0.0000,0.0000,0.0000,1.1111,0.0000,0.0000,0.0000,0.9789
0.0000,0.0000,0.0000,0.0000,1.1111,0.0000,0.0000,0.0000,0.9763
1.0855,0.0000,0.0000,0.0000,0.0000,0.9162,0.0000,0.0000,0.0000
0.9744,0.0000,0.0000,0.0000,0.0000,0.8358,0.0000,0.0000,0.0000
0.8917,0.0000,0.0000,0.0000,0.0000,0.7259,0.0000,0.0000,0.0000
0.8162,0.0000,0.0000,0.0000,0.0000,0.6962,0.0000,0.0000,0.0000
0.7778,0.0000,0.0000,0.0000,0.0000,0.6518,0.0000,0.0000,0.0000
0.7450,0.0000,0.0000,0.0000,0.0000,0.6405,0.0000,0.0000,0.0000
0.7302,0.0000,0.0000,0.0000,0.0000,0.7035,0.0000,0.0000,0.0000
0.0000,1.0690,0.0000,0.0000,0.0000,0.8516,0.0000,0.0000,0.0000
0.0000,0.9741,0.0000,0.0000,0.0000,0.8127,0.0000,0.0000,0.0000
0.0000,0.8879,0.0000,0.0000,0.0000,0.7216,0.0000,0.0000,0.0000
0.0000,0.8448,0.0000,0.0000,0.0000,0.7764,0.0000,0.0000,0.0000
0.0000,0.7845,0.0000,0.0000,0.0000,0.6526,0.0000,0.0000,0.0000
0.0000,0.7299,0.0000,0.0000,0.0000,0.6098,0.0000,0.0000,0.0000
0.0000,0.7365,0.0000,0.0000,0.0000,0.7045,0.0000,0.0000,0.0000
0.0000,0.0000,1.0078,0.0000,0.0000,1.0120,0.0000,0.0000,0.0000
0.0000,0.0000,1.0775,0.0000,0.0000,1.0499,0.0000,0.0000,0.0000
0.0000,0.0000,1.0491,0.0000,0.0000,1.0549,0.0000,0.0000,0.0000
0.0000,0.0000,0.9864,0.0000,0.0000,0.8982,0.0000,0.0000,0.0000
0.0000,0.0000,1.0186,0.0000,0.0000,1.0100,0.0000,0.0000,0.0000
0.0000,0.0000,0.9884,0.0000,0.0000,0.8859,0.0000,0.0000,0.0000
0.0000,0.0000,0.9779,0.0000,0.0000,0.8860,0.0000,0.0000,0.0000
0.0000,0.0000,0.0000,0.9732,0.0000,0.9791,0.0000,0.0000,0.0000
0.0000,0.0000,0.0000,0.8188,0.0000,0.8983,0.0000,0.0000,0.0000
0.0000,0.0000,0.0000,0.2304,0.0000,0.8714,0.0000,0.0000,0.0000
0.0000,0.0000,0.0000,0.9346,0.0000,0.8141,0.0000,0.0000,0.0000
0.0000,0.0000,0.0000,0.9020,0.0000,0.7911,0.0000,0.0000,0.0000
0.0000,0.0000,0.0000,0.8199,0.0000,0.7610,0.0000,0.0000,0.0000
0.0000,0.0000,0.0000,0.3682,0.0000,0.8161,0.0000,0.0000,0.0000
0.0000,0.0000,0.0000,0.0000,1.0278,0.8647,0.0000,0.0000,0.0000
0.0000,0.0000,0.0000,0.0000,1.0278,0.7924,0.0000,0.0000,0.0000
0.0000,0.0000,0.0000,0.0000,1.0000,0.7524,0.0000,0.0000,0.0000
0.0000,0.0000,0.0000,0.0000,1.1181,0.7852,0.0000,0.0000,0.0000
0.0000,0.0000,0.0000,0.0000,1.0000,0.6439,0.0000,0.0000,0.0000
0.0000,0.0000,0.0000,0.0000,1.0092,0.5431,0.0000,0.0000,0.0000
0.0000,0.0000,0.0000,0.0000,1.1111,0.4272,0.0000,0.0000,0.0000
0.0000,0.0000,0.0000,0.0000,0.0000,1.0000,0.0000,0.0000,0.0000
0.0000,0.0000,0.0000,0.0000,0.0000,0.9332,0.0000,0.0000,0.0000
0.0000,0.0000,0.0000,0.0000,0.0000,0.8086,0.0000,0.0000,0.0000
0.0000,0.0000,0.0000,0.0000,0.0000,0.7460,0.0000,0.0000,0.0000
0.0000,0.0000,0.0000,0.0000,0.0000,0.7073,0.0000,0.0000,0.0000
0.0000,0.0000,0.0000,0.0000,0.0000,0.6420,0.0000,0.0000,0.0000
0.0000,0.0000,0.0000,0.0000,0.0000,0.6023,0.0000,0.0000,0.0000
0.0000,0.0000,0.0000,0.0000,0.0000,0.5487,0.0000,0.0000,0.0000
0.0000,0.0000,0.0000,0.0000,0.0000,0.9075,0.9079,0.0000,0.0000
0.0000,0.0000,0.0000,0.0000,0.0000,0.8337,0.8465,0.0000,0.0000
0.0000,0.0000,0.0000,0.0000,0.0000,0.8021,0.8333,0.0000,0.0000
0.0000,0.0000,0.0000,0.0000,0.0000,0.7547,0.8377,0.0000,0.0000
0.0000,0.0000,0.0000,0.0000,0.0000,0.6788,0.6939,0.0000,0.0000
0.0000,0.0000,0.0000,0.0000,0.0000,0.6504,0.6257,0.0000,0.0000
0.0000,0.0000,0.0000,0.0000,0.0000,0.6052,0.7130,0.0000,0.0000
0.0000,0.0000,0.0000,0.0000,0.0000,0.9683,0.0000,0.9838,0.0000
0.0000,0.0000,0.0000,0.0000,0.0000,0.9168,0.0000,0.9823,0.0000
0.0000,0.0000,0.0000,0.0000,0.0000,0.8899,0.0000,0.9826,0.0000
0.0000,0.0000,0.0000,0.0000,0.0000,0.9099,0.0000,0.9836,0.0000
0.0000,0.0000,0.0000,0.0000,0.0000,0.8572,0.0000,0.9811,0.0000
0.0000,0.0000,0.0000,0.0000,0.0000,0.8352,0.0000,0.9626,0.0000
0.0000,0.0000,0.0000,0.0000,0.0000,0.8568,0.0000,0.9599,0.0000
0.0000,0.0000,0.0000,0.0000,0.0000,0.8731,0.0000,0.0000,1.0292
0.0000,0.0000,0.0000,0.0000,0.0000,0.8194,0.0000,0.0000,1.1524
0.0000,0.0000,0.0000,0.0000,0.0000,0.7986,0.0000,0.0000,1.1962
0.0000,0.0000,0.0000,0.0000,0.0000,0.7370,0.0000,0.0000,0.9104
0.0000,0.0000,0.0000,0.0000,0.0000,0.7033,0.0000,0.0000,1.0250
0.0000,0.0000,0.0000,0.0000,0.0000,0.6556,0.0000,0.0000,0.9884
0.0000,0.0000,0.0000,0.0000,0.0000,0.5915,0.0000,0.0000,0.9087
1.0513,0.0000,0.0000,0.0000,0.0000,0.0000,0.9386,0.0000,0.0000
0.9829,0.0000,0.0000,0.0000,0.0000,0.0000,0.9430,0.0000,0.0000
0.8889,0.0000,0.0000,0.0000,0.0000,0.0000,0.8202,0.0000,0.0000
0.8291,0.0000,0.0000,0.0000,0.0000,0.0000,0.8158,0.0000,0.0000
0.8017,0.0000,0.0000,0.0000,0.0000,0.0000,0.7807,0.0000,0.0000
0.7764,0.0000,0.0000,0.0000,0.0000,0.0000,0.7456,0.0000,0.0000
0.7228,0.0000,0.0000,0.0000,0.0000,0.0000,0.6447,0.0000,0.0000
0.0000,1.0862,0.0000,0.0000,0.0000,0.0000,0.9342,0.0000,0.0000
0.0000,0.9914,0.0000,0.0000,0.0000,0.0000,0.9386,0.0000,0.0000
0.0000,0.9023,0.0000,0.0000,0.0000,0.0000,0.8509,0.0000,0.0000
0.0000,0.8125,0.0000,0.0000,0.0000,0.0000,0.8026,0.0000,0.0000
0.0000,0.8000,0.0000,0.0000,0.0000,0.0000,0.7895,0.0000,0.0000
0.0000,0.7701,0.0000,0.0000,0.0000,0.0000,0.7368,0.0000,0.0000
0.0000,0.7254,0.0000,0.0000,0.0000,0.0000,0.6711,0.0000,0.0000
0.0000,0.0000,1.0465,0.0000,0.0000,0.0000,0.6447,0.0000,0.0000
0.0000,0.0000,0.9922,0.0000,0.0000,0.0000,0.5921,0.0000,0.0000
0.0000,0.0000,0.9974,0.0000,0.0000,0.0000,0.8904,0.0000,0.0000
0.0000,0.0000,0.9477,0.0000,0.0000,0.0000,0.9825,0.0000,0.0000
0.0000,0.0000,0.9411,0.0000,0.0000,0.0000,0.9737,0.0000,0.0000
0.0000,0.0000,0.9987,0.0000,0.0000,0.0000,0.9298,0.0000,0.0000
0.0000,0.0000,0.9698,0.0000,0.0000,0.0000,0.8684,0.0000,0.0000
0.0000,0.0000,0.0000,0.9799,0.0000,0.0000,0.9518,0.0000,0.0000
0.0000,0.0000,0.0000,0.3926,0.0000,0.0000,0.4474,0.0000,0.0000
0.0000,0.0000,0.0000,0.3960,0.0000,0.0000,0.4430,0.0000,0.0000
0.0000,0.0000,0.0000,0.5453,0.0000,0.0000,0.5965,0.0000,0.0000
0.0000,0.0000,0.0000,0.1826,0.0000,0.0000,0.2325,0.0000,0.0000
0.0000,0.0000,0.0000,0.7942,0.0000,0.0000,0.7675,0.0000,0.0000
0.0000,0.0000,0.0000,0.1266,0.0000,0.0000,0.1667,0.0000,0.0000
0.0000,0.0000,0.0000,0.0000,1.0278,0.0000,0.9693,0.0000,0.0000
0.0000,0.0000,0.0000,0.0000,1.0000,0.0000,0.8904,0.0000,0.0000
0.0000,0.0000,0.0000,0.0000,1.0000,0.0000,0.8114,0.0000,0.0000
0.0000,0.0000,0.0000,0.0000,1.0000,0.0000,0.7544,0.0000,0.0000
0.0000,0.0000,0.0000,0.0000,0.9944,0.0000,0.6886,0.0000,0.0000
0.0000,0.0000,0.0000,0.0000,0.9769,0.0000,0.6228,0.0000,0.0000
0.0000,0.0000,0.0000,0.0000,0.9722,0.0000,0.5439,0.0000,0.0000
0.0000,0.0000,0.0000,0.0000,0.0000,0.9075,0.9079,0.0000,0.0000
0.0000,0.0000,0.0000,0.0000,0.0000,0.8275,0.9167,0.0000,0.0000
0.0000,0.0000,0.0000,0.0000,0.0000,0.7604,0.8640,0.0000,0.0000
0.0000,0.0000,0.0000,0.0000,0.0000,0.7043,0.8246,0.0000,0.0000
0.0000,0.0000,0.0000,0.0000,0.0000,0.6705,0.7807,0.0000,0.0000
0.0000,0.0000,0.0000,0.0000,0.0000,0.6191,0.7237,0.0000,0.0000
0.0000,0.0000,0.0000,0.0000,0.0000,0.5734,0.6404,0.0000,0.0000
0.0000,0.0000,0.0000,0.0000,0.0000,0.0000,1.0000,0.0000,0.0000
0.0000,0.0000,0.0000,0.0000,0.0000,0.0000,0.9123,0.0000,0.0000
0.0000,0.0000,0.0000,0.0000,0.0000,0.0000,0.9152,0.0000,0.0000
0.0000,0.0000,0.0000,0.0000,0.0000,0.0000,0.7950,0.0000,0.0000
0.0000,0.0000,0.0000,0.0000,0.0000,0.0000,0.7307,0.0000,0.0000
0.0000,0.0000,0.0000,0.0000,0.0000,0.0000,0.8019,0.0000,0.0000
0.0000,0.0000,0.0000,0.0000,0.0000,0.0000,0.5771,0.0000,0.0000
0.0000,0.0000,0.0000,0.0000,0.0000,0.0000,0.5044,0.0000,0.0000
0.0000,0.0000,0.0000,0.0000,0.0000,0.0000,0.8684,1.0026,0.0000
0.0000,0.0000,0.0000,0.0000,0.0000,0.0000,0.9737,0.9825,0.0000
0.0000,0.0000,0.0000,0.0000,0.0000,0.0000,0.9737,0.9825,0.0000
0.0000,0.0000,0.0000,0.0000,0.0000,0.0000,0.8991,0.9795,0.0000
0.0000,0.0000,0.0000,0.0000,0.0000,0.0000,0.9474,0.9775,0.0000
0.0000,0.0000,0.0000,0.0000,0.0000,0.0000,0.8860,0.9824,0.0000
0.0000,0.0000,0.0000,0.0000,0.0000,0.0000,0.8991,0.9768,0.0000
0.0000,0.0000,0.0000,0.0000,0.0000,0.0000,0.9518,0.0000,0.9054
0.0000,0.0000,0.0000,0.0000,0.0000,0.0000,0.9254,0.0000,0.8244
0.0000,0.0000,0.0000,0.0000,0.0000,0.0000,0.9211,0.0000,0.9488
0.0000,0.0000,0.0000,0.0000,0.0000,0.0000,0.6535,0.0000,0.9593
0.0000,0.0000,0.0000,0.0000,0.0000,0.0000,0.7149,0.0000,1.0046
0.0000,0.0000,0.0000,0.0000,0.0000,0.0000,0.4167,0.0000,0.9573
0.0000,0.0000,0.0000,0.0000,0.0000,0.0000,0.7719,0.0000,0.9239
1.0855,0.0000,0.0000,0.0000,0.0000,0.0000,0.0000,1.0253,0.0000
0.9915,0.0000,0.0000,0.0000,0.0000,0.0000,0.0000,0.9954,0.0000
0.9231,0.0000,0.0000,0.0000,0.0000,0.0000,0.0000,0.9834,0.0000
0.8419,0.0000,0.0000,0.0000,0.0000,0.0000,0.0000,0.9816,0.0000
0.7915,0.0000,0.0000,0.0000,0.0000,0.0000,0.0000,0.9538,0.0000
0.7949,0.0000,0.0000,0.0000,0.0000,0.0000,0.0000,0.9824,0.0000
0.7448,0.0000,0.0000,0.0000,0.0000,0.0000,0.0000,0.9829,0.0000
0.0000,1.0948,0.0000,0.0000,0.0000,0.0000,0.0000,0.9829,0.0000
0.0000,1.0129,0.0000,0.0000,0.0000,0.0000,0.0000,0.9829,0.0000
0.0000,0.9339,0.0000,0.0000,0.0000,0.0000,0.0000,0.9834,0.0000
0.0000,0.8384,0.0000,0.0000,0.0000,0.0000,0.0000,0.9824,0.0000
0.0000,0.8034,0.0000,0.0000,0.0000,0.0000,0.0000,0.9829,0.0000
0.0000,0.7845,0.0000,0.0000,0.0000,0.0000,0.0000,0.9834,0.0000
0.0000,0.7488,0.0000,0.0000,0.0000,0.0000,0.0000,0.9812,0.0000
0.0000,0.0000,0.9922,0.0000,0.0000,0.0000,0.0000,0.9846,0.0000
0.0000,0.0000,1.0155,0.0000,0.0000,0.0000,0.0000,1.0215,0.0000
0.0000,0.0000,0.9845,0.0000,0.0000,0.0000,0.0000,1.0005,0.0000
0.0000,0.0000,0.9748,0.0000,0.0000,0.0000,0.0000,0.9812,0.0000
0.0000,0.0000,0.9984,0.0000,0.0000,0.0000,0.0000,0.9846,0.0000
0.0000,0.0000,0.9897,0.0000,0.0000,0.0000,0.0000,0.9820,0.0000
0.0000,0.0000,0.9911,0.0000,0.0000,0.0000,0.0000,0.9842,0.0000
0.0000,0.0000,0.0000,0.9463,0.0000,0.0000,0.0000,0.9834,0.0000
0.0000,0.0000,0.0000,0.2752,0.0000,0.0000,0.0000,0.9829,0.0000
0.0000,0.0000,0.0000,0.4586,0.0000,0.0000,0.0000,0.9829,0.0000
0.0000,0.0000,0.0000,0.9379,0.0000,0.0000,0.0000,1.0201,0.0000
0.0000,0.0000,0.0000,0.4523,0.0000,0.0000,0.0000,0.9834,0.0000
0.0000,0.0000,0.0000,0.8400,0.0000,0.0000,0.0000,0.9829,0.0000
0.0000,0.0000,0.0000,0.3730,0.0000,0.0000,0.0000,0.9846,0.0000
0.0000,0.0000,0.0000,0.0000,1.0278,0.0000,0.0000,0.9824,0.0000
0.0000,0.0000,0.0000,0.0000,1.0139,0.0000,0.0000,0.9816,0.0000
0.0000,0.0000,0.0000,0.0000,1.1111,0.0000,0.0000,0.9778,0.0000
0.0000,0.0000,0.0000,0.0000,1.0000,0.0000,0.0000,0.9824,0.0000
0.0000,0.0000,0.0000,0.0000,1.0833,0.0000,0.0000,0.9842,0.0000
0.0000,0.0000,0.0000,0.0000,1.1019,0.0000,0.0000,0.9379,0.0000
0.0000,0.0000,0.0000,0.0000,0.9722,0.0000,0.0000,0.9358,0.0000
0.0000,0.0000,0.0000,0.0000,0.0000,0.9683,0.0000,0.9838,0.0000
0.0000,0.0000,0.0000,0.0000,0.0000,0.8803,0.0000,1.0167,0.0000
0.0000,0.0000,0.0000,0.0000,0.0000,0.7942,0.0000,0.9820,0.0000
0.0000,0.0000,0.0000,0.0000,0.0000,0.7319,0.0000,0.9808,0.0000
0.0000,0.0000,0.0000,0.0000,0.0000,0.6476,0.0000,0.9838,0.0000
0.0000,0.0000,0.0000,0.0000,0.0000,0.6529,0.0000,0.9405,0.0000
0.0000,0.0000,0.0000,0.0000,0.0000,0.5958,0.0000,0.9311,0.0000
0.0000,0.0000,0.0000,0.0000,0.0000,0.0000,0.8684,1.0026,0.0000
0.0000,0.0000,0.0000,0.0000,0.0000,0.0000,0.8816,1.0172,0.0000
0.0000,0.0000,0.0000,0.0000,0.0000,0.0000,0.7120,0.9824,0.0000
0.0000,0.0000,0.0000,0.0000,0.0000,0.0000,0.8684,0.9824,0.0000
0.0000,0.0000,0.0000,0.0000,0.0000,0.0000,0.7105,0.9804,0.0000
0.0000,0.0000,0.0000,0.0000,0.0000,0.0000,0.2624,0.9829,0.0000
0.0000,0.0000,0.0000,0.0000,0.0000,0.0000,0.2212,0.9842,0.0000
0.0000,0.0000,0.0000,0.0000,0.0000,0.0000,0.0000,1.0000,0.0000
0.0000,0.0000,0.0000,0.0000,0.0000,0.0000,0.0000,0.9885,0.0000
0.0000,0.0000,0.0000,0.0000,0.0000,0.0000,0.0000,0.9896,0.0000
0.0000,0.0000,0.0000,0.0000,0.0000,0.0000,0.0000,0.9825,0.0000
0.0000,0.0000,0.0000,0.0000,0.0000,0.0000,0.0000,0.9820,0.0000
0.0000,0.0000,0.0000,0.0000,0.0000,0.0000,0.0000,0.9714,0.0000
0.0000,0.0000,0.0000,0.0000,0.0000,0.0000,0.0000,0.9751,0.0000
0.0000,0.0000,0.0000,0.0000,0.0000,0.0000,0.0000,0.9711,0.0000
0.0000,0.0000,0.0000,0.0000,0.0000,0.0000,0.0000,1.0047,0.8263
0.0000,0.0000,0.0000,0.0000,0.0000,0.0000,0.0000,0.9974,0.8472
0.0000,0.0000,0.0000,0.0000,0.0000,0.0000,0.0000,0.9901,1.0157
0.0000,0.0000,0.0000,0.0000,0.0000,0.0000,0.0000,0.9829,1.0001
0.0000,0.0000,0.0000,0.0000,0.0000,0.0000,0.0000,0.9666,0.9707
0.0000,0.0000,0.0000,0.0000,0.0000,0.0000,0.0000,0.9846,0.9914
0.0000,0.0000,0.0000,0.0000,0.0000,0.0000,0.0000,0.9812,0.9451
1.0769,0.0000,0.0000,0.0000,0.0000,0.0000,0.0000,0.0000,0.7495
0.9744,0.0000,0.0000,0.0000,0.0000,0.0000,0.0000,0.0000,0.6851
0.9031,0.0000,0.0000,0.0000,0.0000,0.0000,0.0000,0.0000,1.0863
0.8120,0.0000,0.0000,0.0000,0.0000,0.0000,0.0000,0.0000,0.8214
0.7795,0.0000,0.0000,0.0000,0.0000,0.0000,0.0000,0.0000,0.9918
0.7507,0.0000,0.0000,0.0000,0.0000,0.0000,0.0000,0.0000,0.7892
0.7070,0.0000,0.0000,0.0000,0.0000,0.0000,0.0000,0.0000,1.0427
0.0000,1.0345,0.0000,0.0000,0.0000,0.0000,0.0000,0.0000,0.8815
0.0000,0.9957,0.0000,0.0000,0.0000,0.0000,0.0000,0.0000,0.8026
0.0000,0.8966,0.0000,0.0000,0.0000,0.0000,0.0000,0.0000,1.1352
0.0000,0.8276,0.0000,0.0000,0.0000,0.0000,0.0000,0.0000,1.1582
0.0000,0.7948,0.0000,0.0000,0.0000,0.0000,0.0000,0.0000,1.0594
0.0000,0.7615,0.0000,0.0000,0.0000,0.0000,0.0000,0.0000,0.7942
0.0000,0.7389,0.0000,0.0000,0.0000,0.0000,0.0000,0.0000,1.1622
0.0000,0.0000,1.0078,0.0000,0.0000,0.0000,0.0000,0.0000,1.0499
0.0000,0.0000,1.0349,0.0000,0.0000,0.0000,0.0000,0.0000,1.0459
0.0000,0.0000,0.9948,0.0000,0.0000,0.0000,0.0000,0.0000,1.0437
0.0000,0.0000,0.9787,0.0000,0.0000,0.0000,0.0000,0.0000,0.8214
0.0000,0.0000,0.9860,0.0000,0.0000,0.0000,0.0000,0.0000,0.7817
0.0000,0.0000,0.9793,0.0000,0.0000,0.0000,0.0000,0.0000,0.8388
0.0000,0.0000,0.9454,0.0000,0.0000,0.0000,0.0000,0.0000,1.0719
0.0000,0.0000,0.0000,0.8591,0.0000,0.0000,0.0000,0.0000,1.1395
0.0000,0.0000,0.0000,0.9329,0.0000,0.0000,0.0000,0.0000,0.9711
0.0000,0.0000,0.0000,0.4810,0.0000,0.0000,0.0000,0.0000,0.7942
0.0000,0.0000,0.0000,0.3557,0.0000,0.0000,0.0000,0.0000,0.9461
0.0000,0.0000,0.0000,0.8953,0.0000,0.0000,0.0000,0.0000,1.1342
0.0000,0.0000,0.0000,0.8658,0.0000,0.0000,0.0000,0.0000,1.2642
0.0000,0.0000,0.0000,0.3221,0.0000,0.0000,0.0000,0.0000,1.0052
0.0000,0.0000,0.0000,0.0000,1.0556,0.0000,0.0000,0.0000,0.9763
0.0000,0.0000,0.0000,0.0000,1.0556,0.0000,0.0000,0.0000,1.1073
0.0000,0.0000,0.0000,0.0000,1.1389,0.0000,0.0000,0.0000,1.0022
0.0000,0.0000,0.0000,0.0000,0.9931,0.0000,0.0000,0.0000,1.0614
0.0000,0.0000,0.0000,0.0000,1.1111,0.0000,0.0000,0.0000,0.7725
0.0000,0.0000,0.0000,0.0000,0.9722,0.0000,0.0000,0.0000,1.0521
0.0000,0.0000,0.0000,0.0000,0.9484,0.0000,0.0000,0.0000,0.8962
0.0000,0.0000,0.0000,0.0000,0.0000,0.8731,0.0000,0.0000,1.0292
0.0000,0.0000,0.0000,0.0000,0.0000,0.8388,0.0000,0.0000,0.9461
0.0000,0.0000,0.0000,0.0000,0.0000,0.8027,0.0000,0.0000,0.9429
0.0000,0.0000,0.0000,0.0000,0.0000,0.7112,0.0000,0.0000,0.8578
0.0000,0.0000,0.0000,0.0000,0.0000,0.6793,0.0000,0.0000,1.1372
0.0000,0.0000,0.0000,0.0000,0.0000,0.6315,0.0000,0.0000,1.1290
0.0000,0.0000,0.0000,0.0000,0.0000,0.5623,0.0000,0.0000,0.9439
0.0000,0.0000,0.0000,0.0000,0.0000,0.0000,0.9518,0.0000,0.9054
0.0000,0.0000,0.0000,0.0000,0.0000,0.0000,0.8794,0.0000,1.0873
0.0000,0.0000,0.0000,0.0000,0.0000,0.0000,0.7032,0.0000,0.8171
0.0000,0.0000,0.0000,0.0000,0.0000,0.0000,0.8640,0.0000,1.1996
0.0000,0.0000,0.0000,0.0000,0.0000,0.0000,0.4702,0.0000,1.0374
0.0000,0.0000,0.0000,0.0000,0.0000,0.0000,0.6535,0.0000,0.7465
0.0000,0.0000,0.0000,0.0000,0.0000,0.0000,0.2939,0.0000,1.1809
0.0000,0.0000,0.0000,0.0000,0.0000,0.0000,0.0000,1.0047,0.8263
0.0000,0.0000,0.0000,0.0000,0.0000,0.0000,0.0000,1.0202,1.2787
0.0000,0.0000,0.0000,0.0000,0.0000,0.0000,0.0000,0.9759,1.0719
0.0000,0.0000,0.0000,0.0000,0.0000,0.0000,0.0000,0.9824,1.1280
0.0000,0.0000,0.0000,0.0000,0.0000,0.0000,0.0000,0.9827,1.0936
0.0000,0.0000,0.0000,0.0000,0.0000,0.0000,0.0000,0.9651,0.8940
0.0000,0.0000,0.0000,0.0000,0.0000,0.0000,0.0000,0.9655,1.1030
0.0000,0.0000,0.0000,0.0000,0.0000,0.0000,0.0000,0.0000,1.0000
0.0000,0.0000,0.0000,0.0000,0.0000,0.0000,0.0000,0.0000,1.0371
0.0000,0.0000,0.0000,0.0000,0.0000,0.0000,0.0000,0.0000,0.9751
0.0000,0.0000,0.0000,0.0000,0.0000,0.0000,0.0000,0.0000,0.8863
0.0000,0.0000,0.0000,0.0000,0.0000,0.0000,0.0000,0.0000,0.9936
0.0000,0.0000,0.0000,0.0000,0.0000,0.0000,0.0000,0.0000,0.9484
0.0000,0.0000,0.0000,0.0000,0.0000,0.0000,0.0000,0.0000,0.9802
0.0000,0.0000,0.0000,0.0000,0.0000,0.0000,0.0000,0.0000,0.9793
